package_name,object_name,package_version,n_unique,params_checksum,package_source,package_gitrepo,package_gitcommit,user_computer,obj_checksum,checksum_num,checksum_num_param
bulletxtrctr,cc_locate_grooves,0.2.0,3,d87c0f913a24db0ac0a61d1dd7fb5258,Github,heike/bulletxtrctr,d922d8b,"User S
Desktop",61424049f5d056c7653502ea2670341b,A,1
bulletxtrctr,cc_locate_grooves,0.2.0,3,d87c0f913a24db0ac0a61d1dd7fb5258,local,NA,NA,"User H
Laptop",61424049f5d056c7653502ea2670341b,A,1
bulletxtrctr,cc_locate_grooves,0.2.0,3,d87c0f913a24db0ac0a61d1dd7fb5258,Github,heike/bulletxtrctr,d922d8b,"User K
Laptop",61424049f5d056c7653502ea2670341b,A,1
bulletxtrctr,cc_locate_grooves,0.2.0,3,d87c0f913a24db0ac0a61d1dd7fb5258,Github,heike/bulletxtrctr,fd179c0,"User K
Server",61424049f5d056c7653502ea2670341b,A,1
bulletxtrctr,cc_locate_grooves,0.2.0,3,d87c0f913a24db0ac0a61d1dd7fb5258,Github,heike/bulletxtrctr,c9c4e81,"User G
Laptop",61424049f5d056c7653502ea2670341b,A,1
bulletxtrctr,cc_locate_grooves,0.2.0,3,d87c0f913a24db0ac0a61d1dd7fb5258,local,NA,NA,"User S
Server",62bf8bf2ad8f7455619bb8fbcfe54156,B,1
bulletxtrctr,cc_locate_grooves,0.2.0,3,d87c0f913a24db0ac0a61d1dd7fb5258,Github,heike/bulletxtrctr,d2f28b9,"User S
Laptop",62bf8bf2ad8f7455619bb8fbcfe54156,B,1
bulletxtrctr,cc_locate_grooves,0.2.0,3,d87c0f913a24db0ac0a61d1dd7fb5258,Github,heike/bulletxtrctr,d2f28b9,"User C
Laptop",62bf8bf2ad8f7455619bb8fbcfe54156,B,1
bulletxtrctr,cc_locate_grooves,0.2.0,3,d87c0f913a24db0ac0a61d1dd7fb5258,Github,heike/bulletxtrctr,1f11855,"User Y
Laptop",2553926ed0c9d9fcf7f37251152fccda,C,1
bulletxtrctr,x3p_crosscut,0.2.0,2,b62f43f4cd1ea91450cea8020062d07b,Github,heike/bulletxtrctr,d922d8b,"User S
Desktop",719848777bbca06faf2caf7c50a0cf8d,A,1
bulletxtrctr,x3p_crosscut,0.2.0,2,b62f43f4cd1ea91450cea8020062d07b,local,NA,NA,"User S
Server",719848777bbca06faf2caf7c50a0cf8d,A,1
bulletxtrctr,x3p_crosscut,0.2.0,2,b62f43f4cd1ea91450cea8020062d07b,Github,heike/bulletxtrctr,d2f28b9,"User S
Laptop",719848777bbca06faf2caf7c50a0cf8d,A,1
bulletxtrctr,x3p_crosscut,0.2.0,2,b62f43f4cd1ea91450cea8020062d07b,Github,heike/bulletxtrctr,d2f28b9,"User C
Laptop",719848777bbca06faf2caf7c50a0cf8d,A,1
bulletxtrctr,x3p_crosscut,0.2.0,2,b62f43f4cd1ea91450cea8020062d07b,Github,heike/bulletxtrctr,d922d8b,"User K
Laptop",719848777bbca06faf2caf7c50a0cf8d,A,1
bulletxtrctr,x3p_crosscut,0.2.0,2,b62f43f4cd1ea91450cea8020062d07b,Github,heike/bulletxtrctr,1f11855,"User Y
Laptop",719848777bbca06faf2caf7c50a0cf8d,A,1
bulletxtrctr,x3p_crosscut,0.2.0,2,b62f43f4cd1ea91450cea8020062d07b,local,NA,NA,"User H
Laptop",ae4e688823f7dfd5b8397deceb8ad2b6,B,1
bulletxtrctr,x3p_crosscut,0.2.0,2,b62f43f4cd1ea91450cea8020062d07b,Github,heike/bulletxtrctr,fd179c0,"User K
Server",ae4e688823f7dfd5b8397deceb8ad2b6,B,1
bulletxtrctr,x3p_crosscut,0.2.0,2,b62f43f4cd1ea91450cea8020062d07b,Github,heike/bulletxtrctr,c9c4e81,"User G
Laptop",ae4e688823f7dfd5b8397deceb8ad2b6,B,1
bulletxtrctr,bullet_to_land_predict,0.2.0,2,5bf12e3932cc02c896a605c7b8d4cfaa,Github,heike/bulletxtrctr,d922d8b,"User S
Desktop",3d2bb01f38c1b772ec46105da9b69cd4,A,1
bulletxtrctr,bullet_to_land_predict,0.2.0,2,5bf12e3932cc02c896a605c7b8d4cfaa,local,NA,NA,"User S
Server",3d2bb01f38c1b772ec46105da9b69cd4,A,1
bulletxtrctr,bullet_to_land_predict,0.2.0,2,5bf12e3932cc02c896a605c7b8d4cfaa,Github,heike/bulletxtrctr,d2f28b9,"User S
Laptop",3d2bb01f38c1b772ec46105da9b69cd4,A,1
bulletxtrctr,bullet_to_land_predict,0.2.0,2,5bf12e3932cc02c896a605c7b8d4cfaa,Github,heike/bulletxtrctr,d2f28b9,"User C
Laptop",3d2bb01f38c1b772ec46105da9b69cd4,A,1
bulletxtrctr,bullet_to_land_predict,0.2.0,2,5bf12e3932cc02c896a605c7b8d4cfaa,local,NA,NA,"User H
Laptop",3d2bb01f38c1b772ec46105da9b69cd4,A,1
bulletxtrctr,bullet_to_land_predict,0.2.0,2,5bf12e3932cc02c896a605c7b8d4cfaa,Github,heike/bulletxtrctr,d922d8b,"User K
Laptop",3d2bb01f38c1b772ec46105da9b69cd4,A,1
bulletxtrctr,bullet_to_land_predict,0.2.0,2,5bf12e3932cc02c896a605c7b8d4cfaa,Github,heike/bulletxtrctr,fd179c0,"User K
Server",3d2bb01f38c1b772ec46105da9b69cd4,A,1
bulletxtrctr,bullet_to_land_predict,0.2.0,2,5bf12e3932cc02c896a605c7b8d4cfaa,Github,heike/bulletxtrctr,c9c4e81,"User G
Laptop",3d2bb01f38c1b772ec46105da9b69cd4,A,1
bulletxtrctr,bullet_to_land_predict,0.2.0,2,5bf12e3932cc02c896a605c7b8d4cfaa,Github,heike/bulletxtrctr,1f11855,"User Y
Laptop",0396dbcaa87a1ab6b11d357c2085c658,B,1
bulletxtrctr,extract_features_all_legacy,0.2.0,2,789224aa4743c3a67b5036c4cecbe822,Github,heike/bulletxtrctr,d922d8b,"User S
Desktop",1d65f5e6820d1e97a2eb2dff34ff843e,A,1
bulletxtrctr,extract_features_all_legacy,0.2.0,2,789224aa4743c3a67b5036c4cecbe822,local,NA,NA,"User S
Server",1d65f5e6820d1e97a2eb2dff34ff843e,A,1
bulletxtrctr,extract_features_all_legacy,0.2.0,2,789224aa4743c3a67b5036c4cecbe822,Github,heike/bulletxtrctr,d2f28b9,"User S
Laptop",1d65f5e6820d1e97a2eb2dff34ff843e,A,1
bulletxtrctr,extract_features_all_legacy,0.2.0,2,789224aa4743c3a67b5036c4cecbe822,Github,heike/bulletxtrctr,d2f28b9,"User C
Laptop",1d65f5e6820d1e97a2eb2dff34ff843e,A,1
bulletxtrctr,extract_features_all_legacy,0.2.0,2,789224aa4743c3a67b5036c4cecbe822,local,NA,NA,"User H
Laptop",1d65f5e6820d1e97a2eb2dff34ff843e,A,1
bulletxtrctr,extract_features_all_legacy,0.2.0,2,789224aa4743c3a67b5036c4cecbe822,Github,heike/bulletxtrctr,d922d8b,"User K
Laptop",1d65f5e6820d1e97a2eb2dff34ff843e,A,1
bulletxtrctr,extract_features_all_legacy,0.2.0,2,789224aa4743c3a67b5036c4cecbe822,Github,heike/bulletxtrctr,fd179c0,"User K
Server",1d65f5e6820d1e97a2eb2dff34ff843e,A,1
bulletxtrctr,extract_features_all_legacy,0.2.0,2,789224aa4743c3a67b5036c4cecbe822,Github,heike/bulletxtrctr,c9c4e81,"User G
Laptop",1d65f5e6820d1e97a2eb2dff34ff843e,A,1
bulletxtrctr,extract_features_all_legacy,0.2.0,2,789224aa4743c3a67b5036c4cecbe822,Github,heike/bulletxtrctr,1f11855,"User Y
Laptop",5d05ca679db593053757cb785d19a8d6,B,1
bulletxtrctr,x3p_crosscut_optimize,0.2.0,3,45d290ef9f9b21505303bb0f00c8772f,Github,heike/bulletxtrctr,d922d8b,"User S
Desktop",2a6eee824f2ff1808017ed03d656d216,A,1
bulletxtrctr,x3p_crosscut_optimize,0.2.0,3,45d290ef9f9b21505303bb0f00c8772f,local,NA,NA,"User S
Server",2a6eee824f2ff1808017ed03d656d216,A,1
bulletxtrctr,x3p_crosscut_optimize,0.2.0,3,45d290ef9f9b21505303bb0f00c8772f,Github,heike/bulletxtrctr,d2f28b9,"User S
Laptop",2a6eee824f2ff1808017ed03d656d216,A,1
bulletxtrctr,x3p_crosscut_optimize,0.2.0,3,45d290ef9f9b21505303bb0f00c8772f,Github,heike/bulletxtrctr,d2f28b9,"User C
Laptop",2a6eee824f2ff1808017ed03d656d216,A,1
bulletxtrctr,x3p_crosscut_optimize,0.2.0,3,45d290ef9f9b21505303bb0f00c8772f,Github,heike/bulletxtrctr,d922d8b,"User K
Laptop",2a6eee824f2ff1808017ed03d656d216,A,1
bulletxtrctr,x3p_crosscut_optimize,0.2.0,3,45d290ef9f9b21505303bb0f00c8772f,Github,heike/bulletxtrctr,1f11855,"User Y
Laptop",2a6eee824f2ff1808017ed03d656d216,A,1
bulletxtrctr,x3p_crosscut_optimize,0.2.0,3,45d290ef9f9b21505303bb0f00c8772f,local,NA,NA,"User H
Laptop",11bfec2cc39a7630357b8dd395a5d926,B,1
bulletxtrctr,x3p_crosscut_optimize,0.2.0,3,45d290ef9f9b21505303bb0f00c8772f,Github,heike/bulletxtrctr,c9c4e81,"User G
Laptop",11bfec2cc39a7630357b8dd395a5d926,B,1
bulletxtrctr,x3p_crosscut_optimize,0.2.0,3,45d290ef9f9b21505303bb0f00c8772f,Github,heike/bulletxtrctr,fd179c0,"User K
Server",3468088bbf156fb8610c72358792980a,C,1
bulletxtrctr,extract_features_all,0.2.0,2,2bc09ea030b0396eeb2628ffea4435c6,Github,heike/bulletxtrctr,d922d8b,"User S
Desktop",2a2f6815b1b3d255a4a941899ecd9281,A,1
bulletxtrctr,extract_features_all,0.2.0,2,2bc09ea030b0396eeb2628ffea4435c6,local,NA,NA,"User S
Server",2a2f6815b1b3d255a4a941899ecd9281,A,1
bulletxtrctr,extract_features_all,0.2.0,2,2bc09ea030b0396eeb2628ffea4435c6,Github,heike/bulletxtrctr,d2f28b9,"User S
Laptop",2a2f6815b1b3d255a4a941899ecd9281,A,1
bulletxtrctr,extract_features_all,0.2.0,2,2bc09ea030b0396eeb2628ffea4435c6,Github,heike/bulletxtrctr,d2f28b9,"User C
Laptop",2a2f6815b1b3d255a4a941899ecd9281,A,1
bulletxtrctr,extract_features_all,0.2.0,2,2bc09ea030b0396eeb2628ffea4435c6,local,NA,NA,"User H
Laptop",2a2f6815b1b3d255a4a941899ecd9281,A,1
bulletxtrctr,extract_features_all,0.2.0,2,2bc09ea030b0396eeb2628ffea4435c6,Github,heike/bulletxtrctr,d922d8b,"User K
Laptop",2a2f6815b1b3d255a4a941899ecd9281,A,1
bulletxtrctr,extract_features_all,0.2.0,2,2bc09ea030b0396eeb2628ffea4435c6,Github,heike/bulletxtrctr,fd179c0,"User K
Server",2a2f6815b1b3d255a4a941899ecd9281,A,1
bulletxtrctr,extract_features_all,0.2.0,2,2bc09ea030b0396eeb2628ffea4435c6,Github,heike/bulletxtrctr,c9c4e81,"User G
Laptop",2a2f6815b1b3d255a4a941899ecd9281,A,1
bulletxtrctr,extract_features_all,0.2.0,2,2bc09ea030b0396eeb2628ffea4435c6,Github,heike/bulletxtrctr,1f11855,"User Y
Laptop",6ec07fb0fb521194c2891aedc7df9426,B,1
bulletxtrctr,land_cc,0.2.0,2,727e43ffdbf12fcb800a377e054db5a1,Github,heike/bulletxtrctr,d922d8b,"User S
Desktop",36d3ee1d249255bd3897dbde41ce4307,A,1
bulletxtrctr,land_cc,0.2.0,2,727e43ffdbf12fcb800a377e054db5a1,local,NA,NA,"User S
Server",36d3ee1d249255bd3897dbde41ce4307,A,1
bulletxtrctr,land_cc,0.2.0,2,727e43ffdbf12fcb800a377e054db5a1,local,NA,NA,"User H
Laptop",36d3ee1d249255bd3897dbde41ce4307,A,1
bulletxtrctr,land_cc,0.2.0,2,727e43ffdbf12fcb800a377e054db5a1,Github,heike/bulletxtrctr,d922d8b,"User K
Laptop",36d3ee1d249255bd3897dbde41ce4307,A,1
bulletxtrctr,land_cc,0.2.0,2,727e43ffdbf12fcb800a377e054db5a1,Github,heike/bulletxtrctr,fd179c0,"User K
Server",36d3ee1d249255bd3897dbde41ce4307,A,1
bulletxtrctr,land_cc,0.2.0,2,727e43ffdbf12fcb800a377e054db5a1,Github,heike/bulletxtrctr,c9c4e81,"User G
Laptop",36d3ee1d249255bd3897dbde41ce4307,A,1
bulletxtrctr,land_cc,0.2.0,2,727e43ffdbf12fcb800a377e054db5a1,Github,heike/bulletxtrctr,d2f28b9,"User S
Laptop",8d37bf96d8a411ed005875da0e63304a,B,1
bulletxtrctr,land_cc,0.2.0,2,727e43ffdbf12fcb800a377e054db5a1,Github,heike/bulletxtrctr,d2f28b9,"User C
Laptop",8d37bf96d8a411ed005875da0e63304a,B,1
bulletxtrctr,land_cc,0.2.0,2,727e43ffdbf12fcb800a377e054db5a1,Github,heike/bulletxtrctr,1f11855,"User Y
Laptop",8d37bf96d8a411ed005875da0e63304a,B,1
x3ptools,x3p_add_legend,0.0.2.9000,2,41b7c43ef60373ea1fbd4a0f6d65e9c2,Github,heike/x3ptools,cdc96b8,"User S
Desktop",f75a2929edc889521d526ccd77769486,A,1
x3ptools,x3p_add_legend,0.0.2.9000,2,41b7c43ef60373ea1fbd4a0f6d65e9c2,Github,heike/x3ptools,b9a4b23,"User S
Server",f75a2929edc889521d526ccd77769486,A,1
x3ptools,x3p_add_legend,0.0.2.9000,2,41b7c43ef60373ea1fbd4a0f6d65e9c2,Github,heike/x3ptools,b9a4b23,"User S
Laptop",f75a2929edc889521d526ccd77769486,A,1
x3ptools,x3p_add_legend,0.0.2.9000,2,41b7c43ef60373ea1fbd4a0f6d65e9c2,Github,heike/x3ptools,cdc96b8,"User C
Laptop",f75a2929edc889521d526ccd77769486,A,1
x3ptools,x3p_add_legend,0.0.2.9000,2,41b7c43ef60373ea1fbd4a0f6d65e9c2,Github,heike/x3ptools,cdc96b8,"User H
Laptop",f75a2929edc889521d526ccd77769486,A,1
x3ptools,x3p_add_legend,0.0.2.9000,2,41b7c43ef60373ea1fbd4a0f6d65e9c2,Github,heike/x3ptools,cdc96b8,"User K
Laptop",f75a2929edc889521d526ccd77769486,A,1
x3ptools,x3p_add_legend,0.0.2.9000,2,41b7c43ef60373ea1fbd4a0f6d65e9c2,Github,heike/x3ptools,cdc96b8,"User K
Server",f75a2929edc889521d526ccd77769486,A,1
x3ptools,x3p_add_legend,0.0.2.9000,2,41b7c43ef60373ea1fbd4a0f6d65e9c2,Github,heike/x3ptools,c35ad84,"User G
Laptop",f75a2929edc889521d526ccd77769486,A,1
x3ptools,x3p_add_legend,0.0.2.9000,2,41b7c43ef60373ea1fbd4a0f6d65e9c2,Github,heike/x3ptools,1d97027,"User Y
Laptop",476dd7d7d83f28fe25cc7771dfa35cc9,B,1
x3ptools,x3p_image,0.0.2.9000,2,e4bd09989fea88fdcf2da88a354efb34,Github,heike/x3ptools,cdc96b8,"User S
Desktop",e5adac6ee14cc2e3f26532146e1fa2f2,A,1
x3ptools,x3p_image,0.0.2.9000,2,e4bd09989fea88fdcf2da88a354efb34,Github,heike/x3ptools,b9a4b23,"User S
Server",e5adac6ee14cc2e3f26532146e1fa2f2,A,1
x3ptools,x3p_image,0.0.2.9000,2,e4bd09989fea88fdcf2da88a354efb34,Github,heike/x3ptools,b9a4b23,"User S
Laptop",e5adac6ee14cc2e3f26532146e1fa2f2,A,1
x3ptools,x3p_image,0.0.2.9000,2,e4bd09989fea88fdcf2da88a354efb34,Github,heike/x3ptools,cdc96b8,"User C
Laptop",e5adac6ee14cc2e3f26532146e1fa2f2,A,1
x3ptools,x3p_image,0.0.2.9000,2,e4bd09989fea88fdcf2da88a354efb34,Github,heike/x3ptools,cdc96b8,"User H
Laptop",e5adac6ee14cc2e3f26532146e1fa2f2,A,1
x3ptools,x3p_image,0.0.2.9000,2,e4bd09989fea88fdcf2da88a354efb34,Github,heike/x3ptools,cdc96b8,"User K
Laptop",e5adac6ee14cc2e3f26532146e1fa2f2,A,1
x3ptools,x3p_image,0.0.2.9000,2,e4bd09989fea88fdcf2da88a354efb34,Github,heike/x3ptools,cdc96b8,"User K
Server",e5adac6ee14cc2e3f26532146e1fa2f2,A,1
x3ptools,x3p_image,0.0.2.9000,2,e4bd09989fea88fdcf2da88a354efb34,Github,heike/x3ptools,c35ad84,"User G
Laptop",e5adac6ee14cc2e3f26532146e1fa2f2,A,1
x3ptools,x3p_image,0.0.2.9000,2,e4bd09989fea88fdcf2da88a354efb34,Github,heike/x3ptools,1d97027,"User Y
Laptop",1cc852a0c3a09477bedeed201f0c8be2,B,1
x3ptools,read_x3p,0.0.2.9000,2,0f23e54a6589b2812852c00e13c5816c,Github,heike/x3ptools,cdc96b8,"User S
Desktop",4fabec8fa3846d8d3e1ce75667556868,A,1
x3ptools,read_x3p,0.0.2.9000,2,0f23e54a6589b2812852c00e13c5816c,Github,heike/x3ptools,b9a4b23,"User S
Server",4fabec8fa3846d8d3e1ce75667556868,A,1
x3ptools,read_x3p,0.0.2.9000,2,0f23e54a6589b2812852c00e13c5816c,Github,heike/x3ptools,b9a4b23,"User S
Laptop",4fabec8fa3846d8d3e1ce75667556868,A,1
x3ptools,read_x3p,0.0.2.9000,2,0f23e54a6589b2812852c00e13c5816c,Github,heike/x3ptools,cdc96b8,"User C
Laptop",4fabec8fa3846d8d3e1ce75667556868,A,1
x3ptools,read_x3p,0.0.2.9000,2,0f23e54a6589b2812852c00e13c5816c,Github,heike/x3ptools,cdc96b8,"User H
Laptop",4fabec8fa3846d8d3e1ce75667556868,A,1
x3ptools,read_x3p,0.0.2.9000,2,0f23e54a6589b2812852c00e13c5816c,Github,heike/x3ptools,cdc96b8,"User K
Laptop",4fabec8fa3846d8d3e1ce75667556868,A,1
x3ptools,read_x3p,0.0.2.9000,2,0f23e54a6589b2812852c00e13c5816c,Github,heike/x3ptools,cdc96b8,"User K
Server",4fabec8fa3846d8d3e1ce75667556868,A,1
x3ptools,read_x3p,0.0.2.9000,2,0f23e54a6589b2812852c00e13c5816c,Github,heike/x3ptools,c35ad84,"User G
Laptop",4fabec8fa3846d8d3e1ce75667556868,A,1
x3ptools,read_x3p,0.0.2.9000,2,0f23e54a6589b2812852c00e13c5816c,Github,heike/x3ptools,1d97027,"User Y
Laptop",2e96e568fe82f94c8d01bfd8be8747d7,B,1
x3ptools,x3p_write,0.0.2.9000,2,21f1a36178246a2fa0cbd1f87f95049a,Github,heike/x3ptools,cdc96b8,"User S
Desktop",b088f4e0398b594bbbdc81b3588de7b6,A,1
x3ptools,x3p_write,0.0.2.9000,2,21f1a36178246a2fa0cbd1f87f95049a,Github,heike/x3ptools,b9a4b23,"User S
Server",b088f4e0398b594bbbdc81b3588de7b6,A,1
x3ptools,x3p_write,0.0.2.9000,2,21f1a36178246a2fa0cbd1f87f95049a,Github,heike/x3ptools,b9a4b23,"User S
Laptop",b088f4e0398b594bbbdc81b3588de7b6,A,1
x3ptools,x3p_write,0.0.2.9000,2,21f1a36178246a2fa0cbd1f87f95049a,Github,heike/x3ptools,cdc96b8,"User C
Laptop",b088f4e0398b594bbbdc81b3588de7b6,A,1
x3ptools,x3p_write,0.0.2.9000,2,21f1a36178246a2fa0cbd1f87f95049a,Github,heike/x3ptools,cdc96b8,"User H
Laptop",b088f4e0398b594bbbdc81b3588de7b6,A,1
x3ptools,x3p_write,0.0.2.9000,2,21f1a36178246a2fa0cbd1f87f95049a,Github,heike/x3ptools,cdc96b8,"User K
Laptop",b088f4e0398b594bbbdc81b3588de7b6,A,1
x3ptools,x3p_write,0.0.2.9000,2,21f1a36178246a2fa0cbd1f87f95049a,Github,heike/x3ptools,cdc96b8,"User K
Server",b088f4e0398b594bbbdc81b3588de7b6,A,1
x3ptools,x3p_write,0.0.2.9000,2,21f1a36178246a2fa0cbd1f87f95049a,Github,heike/x3ptools,c35ad84,"User G
Laptop",b088f4e0398b594bbbdc81b3588de7b6,A,1
x3ptools,x3p_write,0.0.2.9000,2,21f1a36178246a2fa0cbd1f87f95049a,Github,heike/x3ptools,1d97027,"User Y
Laptop",e8e2c343f4b4e74e0e4e2304bad63ec7,B,1
x3ptools,x3p_sample,0.0.2.9000,2,cfd2be871924f24dab524ac9463252fa,Github,heike/x3ptools,cdc96b8,"User S
Desktop",3f8de4c515733bd8e407a1f2eb4a0ef8,A,1
x3ptools,x3p_sample,0.0.2.9000,2,cfd2be871924f24dab524ac9463252fa,Github,heike/x3ptools,b9a4b23,"User S
Server",3f8de4c515733bd8e407a1f2eb4a0ef8,A,1
x3ptools,x3p_sample,0.0.2.9000,2,cfd2be871924f24dab524ac9463252fa,Github,heike/x3ptools,b9a4b23,"User S
Laptop",3f8de4c515733bd8e407a1f2eb4a0ef8,A,1
x3ptools,x3p_sample,0.0.2.9000,2,cfd2be871924f24dab524ac9463252fa,Github,heike/x3ptools,cdc96b8,"User C
Laptop",3f8de4c515733bd8e407a1f2eb4a0ef8,A,1
x3ptools,x3p_sample,0.0.2.9000,2,cfd2be871924f24dab524ac9463252fa,Github,heike/x3ptools,cdc96b8,"User H
Laptop",3f8de4c515733bd8e407a1f2eb4a0ef8,A,1
x3ptools,x3p_sample,0.0.2.9000,2,cfd2be871924f24dab524ac9463252fa,Github,heike/x3ptools,cdc96b8,"User K
Laptop",3f8de4c515733bd8e407a1f2eb4a0ef8,A,1
x3ptools,x3p_sample,0.0.2.9000,2,cfd2be871924f24dab524ac9463252fa,Github,heike/x3ptools,cdc96b8,"User K
Server",3f8de4c515733bd8e407a1f2eb4a0ef8,A,1
x3ptools,x3p_sample,0.0.2.9000,2,cfd2be871924f24dab524ac9463252fa,Github,heike/x3ptools,c35ad84,"User G
Laptop",3f8de4c515733bd8e407a1f2eb4a0ef8,A,1
x3ptools,x3p_sample,0.0.2.9000,2,cfd2be871924f24dab524ac9463252fa,Github,heike/x3ptools,1d97027,"User Y
Laptop",e264660104bf44fc525bad7757cedb93,B,1
x3ptools,x3p_interpolate,0.0.2.9000,2,bfb676d73037e06f0aa3e25569ddf4a4,Github,heike/x3ptools,cdc96b8,"User S
Desktop",aea31b5619cb19405fe395ab4376a8ae,A,1
x3ptools,x3p_interpolate,0.0.2.9000,2,bfb676d73037e06f0aa3e25569ddf4a4,Github,heike/x3ptools,b9a4b23,"User S
Server",aea31b5619cb19405fe395ab4376a8ae,A,1
x3ptools,x3p_interpolate,0.0.2.9000,2,bfb676d73037e06f0aa3e25569ddf4a4,Github,heike/x3ptools,b9a4b23,"User S
Laptop",aea31b5619cb19405fe395ab4376a8ae,A,1
x3ptools,x3p_interpolate,0.0.2.9000,2,bfb676d73037e06f0aa3e25569ddf4a4,Github,heike/x3ptools,cdc96b8,"User C
Laptop",aea31b5619cb19405fe395ab4376a8ae,A,1
x3ptools,x3p_interpolate,0.0.2.9000,2,bfb676d73037e06f0aa3e25569ddf4a4,Github,heike/x3ptools,cdc96b8,"User H
Laptop",aea31b5619cb19405fe395ab4376a8ae,A,1
x3ptools,x3p_interpolate,0.0.2.9000,2,bfb676d73037e06f0aa3e25569ddf4a4,Github,heike/x3ptools,cdc96b8,"User K
Laptop",aea31b5619cb19405fe395ab4376a8ae,A,1
x3ptools,x3p_interpolate,0.0.2.9000,2,bfb676d73037e06f0aa3e25569ddf4a4,Github,heike/x3ptools,cdc96b8,"User K
Server",aea31b5619cb19405fe395ab4376a8ae,A,1
x3ptools,x3p_interpolate,0.0.2.9000,2,bfb676d73037e06f0aa3e25569ddf4a4,Github,heike/x3ptools,c35ad84,"User G
Laptop",aea31b5619cb19405fe395ab4376a8ae,A,1
x3ptools,x3p_interpolate,0.0.2.9000,2,bfb676d73037e06f0aa3e25569ddf4a4,Github,heike/x3ptools,1d97027,"User Y
Laptop",f137c70e17f5a35f217b8034ca2c6bb4,B,1
x3ptools,x3p_read_plux,0.0.2.9000,2,4bacf3b7043766ccce225f84ac938b70,Github,heike/x3ptools,cdc96b8,"User S
Desktop",1fb3a39027ea77375076cc6dec6c766e,A,1
x3ptools,x3p_read_plux,0.0.2.9000,2,4bacf3b7043766ccce225f84ac938b70,Github,heike/x3ptools,b9a4b23,"User S
Server",1fb3a39027ea77375076cc6dec6c766e,A,1
x3ptools,x3p_read_plux,0.0.2.9000,2,4bacf3b7043766ccce225f84ac938b70,Github,heike/x3ptools,b9a4b23,"User S
Laptop",1fb3a39027ea77375076cc6dec6c766e,A,1
x3ptools,x3p_read_plux,0.0.2.9000,2,4bacf3b7043766ccce225f84ac938b70,Github,heike/x3ptools,cdc96b8,"User C
Laptop",1fb3a39027ea77375076cc6dec6c766e,A,1
x3ptools,x3p_read_plux,0.0.2.9000,2,4bacf3b7043766ccce225f84ac938b70,Github,heike/x3ptools,cdc96b8,"User H
Laptop",1fb3a39027ea77375076cc6dec6c766e,A,1
x3ptools,x3p_read_plux,0.0.2.9000,2,4bacf3b7043766ccce225f84ac938b70,Github,heike/x3ptools,cdc96b8,"User K
Laptop",1fb3a39027ea77375076cc6dec6c766e,A,1
x3ptools,x3p_read_plux,0.0.2.9000,2,4bacf3b7043766ccce225f84ac938b70,Github,heike/x3ptools,cdc96b8,"User K
Server",1fb3a39027ea77375076cc6dec6c766e,A,1
x3ptools,x3p_read_plux,0.0.2.9000,2,4bacf3b7043766ccce225f84ac938b70,Github,heike/x3ptools,c35ad84,"User G
Laptop",1fb3a39027ea77375076cc6dec6c766e,A,1
x3ptools,x3p_read_plux,0.0.2.9000,2,4bacf3b7043766ccce225f84ac938b70,Github,heike/x3ptools,1d97027,"User Y
Laptop",19ae7ae5a97513991863f9ff4f12c934,B,1
x3ptools,x3p_read,0.0.2.9000,2,0f23e54a6589b2812852c00e13c5816c,Github,heike/x3ptools,cdc96b8,"User S
Desktop",4fabec8fa3846d8d3e1ce75667556868,A,1
x3ptools,x3p_read,0.0.2.9000,2,0f23e54a6589b2812852c00e13c5816c,Github,heike/x3ptools,b9a4b23,"User S
Server",4fabec8fa3846d8d3e1ce75667556868,A,1
x3ptools,x3p_read,0.0.2.9000,2,0f23e54a6589b2812852c00e13c5816c,Github,heike/x3ptools,b9a4b23,"User S
Laptop",4fabec8fa3846d8d3e1ce75667556868,A,1
x3ptools,x3p_read,0.0.2.9000,2,0f23e54a6589b2812852c00e13c5816c,Github,heike/x3ptools,cdc96b8,"User C
Laptop",4fabec8fa3846d8d3e1ce75667556868,A,1
x3ptools,x3p_read,0.0.2.9000,2,0f23e54a6589b2812852c00e13c5816c,Github,heike/x3ptools,cdc96b8,"User H
Laptop",4fabec8fa3846d8d3e1ce75667556868,A,1
x3ptools,x3p_read,0.0.2.9000,2,0f23e54a6589b2812852c00e13c5816c,Github,heike/x3ptools,cdc96b8,"User K
Laptop",4fabec8fa3846d8d3e1ce75667556868,A,1
x3ptools,x3p_read,0.0.2.9000,2,0f23e54a6589b2812852c00e13c5816c,Github,heike/x3ptools,cdc96b8,"User K
Server",4fabec8fa3846d8d3e1ce75667556868,A,1
x3ptools,x3p_read,0.0.2.9000,2,0f23e54a6589b2812852c00e13c5816c,Github,heike/x3ptools,c35ad84,"User G
Laptop",4fabec8fa3846d8d3e1ce75667556868,A,1
x3ptools,x3p_read,0.0.2.9000,2,0f23e54a6589b2812852c00e13c5816c,Github,heike/x3ptools,1d97027,"User Y
Laptop",2e96e568fe82f94c8d01bfd8be8747d7,B,1
x3ptools,helper_identify_xml,0.0.2.9000,2,0782f14d16ee3204f7d6fa3c7b4602eb,Github,heike/x3ptools,cdc96b8,"User S
Desktop",6692d6729499c8c3f9bbb15f5fb9c787,A,1
x3ptools,helper_identify_xml,0.0.2.9000,2,0782f14d16ee3204f7d6fa3c7b4602eb,Github,heike/x3ptools,b9a4b23,"User S
Server",6692d6729499c8c3f9bbb15f5fb9c787,A,1
x3ptools,helper_identify_xml,0.0.2.9000,2,0782f14d16ee3204f7d6fa3c7b4602eb,Github,heike/x3ptools,b9a4b23,"User S
Laptop",6692d6729499c8c3f9bbb15f5fb9c787,A,1
x3ptools,helper_identify_xml,0.0.2.9000,2,0782f14d16ee3204f7d6fa3c7b4602eb,Github,heike/x3ptools,cdc96b8,"User C
Laptop",6692d6729499c8c3f9bbb15f5fb9c787,A,1
x3ptools,helper_identify_xml,0.0.2.9000,2,0782f14d16ee3204f7d6fa3c7b4602eb,Github,heike/x3ptools,cdc96b8,"User H
Laptop",6692d6729499c8c3f9bbb15f5fb9c787,A,1
x3ptools,helper_identify_xml,0.0.2.9000,2,0782f14d16ee3204f7d6fa3c7b4602eb,Github,heike/x3ptools,cdc96b8,"User K
Laptop",6692d6729499c8c3f9bbb15f5fb9c787,A,1
x3ptools,helper_identify_xml,0.0.2.9000,2,0782f14d16ee3204f7d6fa3c7b4602eb,Github,heike/x3ptools,cdc96b8,"User K
Server",6692d6729499c8c3f9bbb15f5fb9c787,A,1
x3ptools,helper_identify_xml,0.0.2.9000,2,0782f14d16ee3204f7d6fa3c7b4602eb,Github,heike/x3ptools,c35ad84,"User G
Laptop",6692d6729499c8c3f9bbb15f5fb9c787,A,1
x3ptools,helper_identify_xml,0.0.2.9000,2,0782f14d16ee3204f7d6fa3c7b4602eb,Github,heike/x3ptools,1d97027,"User Y
Laptop",5f3ab782b4d6e672cd58e9039d0caf7e,B,1
grooveFinder,get_grooves_hough,0.0.1,5,7b91f78941200e4960b800ad34c87823,Github,heike/grooveFinder,3743c74,"User S
Desktop",4e7129bbc898e3720d7ab26ec2b02730,A,1
grooveFinder,get_grooves_hough,0.0.1,5,7b91f78941200e4960b800ad34c87823,Github,heike/grooveFinder,3743c74,"User H
Laptop",4e7129bbc898e3720d7ab26ec2b02730,A,1
grooveFinder,get_grooves_hough,0.0.1,5,7b91f78941200e4960b800ad34c87823,Github,heike/grooveFinder,3743c74,"User K
Laptop",4e7129bbc898e3720d7ab26ec2b02730,A,1
grooveFinder,get_grooves_hough,0.0.1,5,7b91f78941200e4960b800ad34c87823,Github,heike/grooveFinder,3743c74,"User K
Server",4e7129bbc898e3720d7ab26ec2b02730,A,1
grooveFinder,get_grooves_hough,0.0.1,5,7b91f78941200e4960b800ad34c87823,Github,heike/grooveFinder,3743c74,"User G
Laptop",4e7129bbc898e3720d7ab26ec2b02730,A,1
grooveFinder,get_grooves_hough,0.0.1,5,7b91f78941200e4960b800ad34c87823,local,NA,NA,"User S
Laptop",695bebd482f0d703c70e7927146c0337,C,1
grooveFinder,get_grooves_hough,0.0.1,5,7b91f78941200e4960b800ad34c87823,local,NA,NA,"User C
Laptop",27ae08e4bb0841ffba57d424324598db,D,1
grooveFinder,get_grooves_hough,0.0.1,5,a67a28633a590b9510ed052c8267bf62,local,NA,NA,"User S
Server",223e0bbae2086bd7e3d230dfbb93d257,B,2
grooveFinder,get_grooves_hough,0.0.1,5,dd31158f8ce501dab983f0017d38e230,Github,heike/grooveFinder,f1e0d6b,"User Y
Laptop",d65af27340440d4469ecb4ac4478be96,E,3
grooveFinder,get_grooves_lasso,0.0.1,2,badbee5920e1309224447592a2971e70,Github,heike/grooveFinder,3743c74,"User S
Desktop",1ca144d97e1a53612e58e682ba4eb1be,A,1
grooveFinder,get_grooves_lasso,0.0.1,2,badbee5920e1309224447592a2971e70,local,NA,NA,"User S
Server",1ca144d97e1a53612e58e682ba4eb1be,A,1
grooveFinder,get_grooves_lasso,0.0.1,2,badbee5920e1309224447592a2971e70,local,NA,NA,"User C
Laptop",1ca144d97e1a53612e58e682ba4eb1be,A,1
grooveFinder,get_grooves_lasso,0.0.1,2,badbee5920e1309224447592a2971e70,Github,heike/grooveFinder,3743c74,"User H
Laptop",1ca144d97e1a53612e58e682ba4eb1be,A,1
grooveFinder,get_grooves_lasso,0.0.1,2,badbee5920e1309224447592a2971e70,Github,heike/grooveFinder,3743c74,"User K
Laptop",1ca144d97e1a53612e58e682ba4eb1be,A,1
grooveFinder,get_grooves_lasso,0.0.1,2,badbee5920e1309224447592a2971e70,Github,heike/grooveFinder,3743c74,"User K
Server",1ca144d97e1a53612e58e682ba4eb1be,A,1
grooveFinder,get_grooves_lasso,0.0.1,2,badbee5920e1309224447592a2971e70,Github,heike/grooveFinder,3743c74,"User G
Laptop",1ca144d97e1a53612e58e682ba4eb1be,A,1
grooveFinder,get_grooves_lasso,0.0.1,2,b36cf71657deb3441e17f82c51ea0182,local,NA,NA,"User S
Laptop",f6f9ca037167c5d5ae1655f7df55c89a,B,2
grooveFinder,get_grooves_lasso,0.0.1,2,b36cf71657deb3441e17f82c51ea0182,Github,heike/grooveFinder,f1e0d6b,"User Y
Laptop",f6f9ca037167c5d5ae1655f7df55c89a,B,2
grooveFinder,rho_to_ab,0.0.1,2,4bbefb287bae695c176e6a9a070f1a7b,Github,heike/grooveFinder,3743c74,"User S
Desktop",db80ff894e2f84de4241bc419df7bb05,A,1
grooveFinder,rho_to_ab,0.0.1,2,4bbefb287bae695c176e6a9a070f1a7b,local,NA,NA,"User S
Server",db80ff894e2f84de4241bc419df7bb05,A,1
grooveFinder,rho_to_ab,0.0.1,2,4bbefb287bae695c176e6a9a070f1a7b,local,NA,NA,"User S
Laptop",db80ff894e2f84de4241bc419df7bb05,A,1
grooveFinder,rho_to_ab,0.0.1,2,4bbefb287bae695c176e6a9a070f1a7b,local,NA,NA,"User C
Laptop",db80ff894e2f84de4241bc419df7bb05,A,1
grooveFinder,rho_to_ab,0.0.1,2,4bbefb287bae695c176e6a9a070f1a7b,Github,heike/grooveFinder,3743c74,"User H
Laptop",db80ff894e2f84de4241bc419df7bb05,A,1
grooveFinder,rho_to_ab,0.0.1,2,4bbefb287bae695c176e6a9a070f1a7b,Github,heike/grooveFinder,3743c74,"User K
Laptop",db80ff894e2f84de4241bc419df7bb05,A,1
grooveFinder,rho_to_ab,0.0.1,2,4bbefb287bae695c176e6a9a070f1a7b,Github,heike/grooveFinder,3743c74,"User K
Server",db80ff894e2f84de4241bc419df7bb05,A,1
grooveFinder,rho_to_ab,0.0.1,2,4bbefb287bae695c176e6a9a070f1a7b,Github,heike/grooveFinder,3743c74,"User G
Laptop",db80ff894e2f84de4241bc419df7bb05,A,1
grooveFinder,rho_to_ab,0.0.1,2,4bbefb287bae695c176e6a9a070f1a7b,Github,heike/grooveFinder,f1e0d6b,"User Y
Laptop",52a3a183d24e2d4006f8d23dec3b2ea8,B,1
